odds_ratio	p.value	Species1	Species2	label	Order1	Order2	Common1	Common2
27.0376696476467	0.95899946673676	Capreolus capreolus	Camelus dromedarius	NA	Artiodactyla	Artiodactyla	Roe deer	Dromedary camel
10.9407257775371	0.999725833930335	Cephalophus silvicultor	Camelus dromedarius	NA	Artiodactyla	Artiodactyla	Yellow-backed duiker	Dromedary camel
3.92636958761266	0.99999999961258	Ceratotherium simum	Camelus dromedarius	NA	Perissodactyla	Artiodactyla	White rhino	Dromedary camel
16.671936174889	0.996602454993166	Cuniculus paca	Camelus dromedarius	NA	Rodentia	Artiodactyla	Paca	Dromedary camel
33.7556935779059	0.953413672857698	Diceros bicornis	Camelus dromedarius	NA	Perissodactyla	Artiodactyla	Black rhino	Dromedary camel
0.244915144428071	1	Dugong dugon	Camelus dromedarius	NA	Sir.	Artiodactyla	Dugong	Dromedary camel
7.76471481831524	0.999988208212413	Equus burchellii	Camelus dromedarius	NA	Perissodactyla	Artiodactyla	Plains zebra	Dromedary camel
1.71718301937061	1	Equus caballus	Camelus dromedarius	NA	Perissodactyla	Artiodactyla	Horse	Dromedary camel
4.83238452979678	0.999999999938489	Giraffa camelopardalis	Camelus dromedarius	NA	Artiodactyla	Artiodactyla	Reticulated giraffe	Dromedary camel
2.75202993054946	0.99999999999998	Gorilla beringei	Camelus dromedarius	NA	Primates	Artiodactyla	Eastern gorilla	Dromedary camel
0.503422289338106	1	Hippopotamus amphibius	Camelus dromedarius	NA	Artiodactyla	Artiodactyla	Hippo	Dromedary camel
29.8537407353563	0.949449298028731	Loxodonta africana	Camelus dromedarius	NA	Prob.	Artiodactyla	African elephant	Dromedary camel
11.8755165741084	0.999744786645741	Macropus giganteus	Camelus dromedarius	NA	Dipr.	Artiodactyla	Eastern grey kangaroo	Dromedary camel
8.02673452739456	0.999998749117031	Marmota marmota	Camelus dromedarius	NA	Rodentia	Artiodactyla	Marmot	Dromedary camel
9.575099987637	0.999904450809029	Meles meles	Camelus dromedarius	NA	Carnivora	Artiodactyla	European badger	Dromedary camel
14.3726625289558	0.999656958211385	Muntiacus muntjak	Camelus dromedarius	NA	Artiodactyla	Artiodactyla	Muntjak	Dromedary camel
4.63810081059125	0.999999998895919	Okapia johnstoni	Camelus dromedarius	NA	Artiodactyla	Artiodactyla	Okapi	Dromedary camel
3.73654628263622	0.999999999979859	Orcinus orca	Camelus dromedarius	NA	Artiodactyla	Artiodactyla	Orca	Dromedary camel
11.4048680180801	0.999651380701847	Otaria byronia	Camelus dromedarius	NA	Carnivora	Artiodactyla	South American sea lion	Dromedary camel
6.56176587423279	0.999999585823339	Ovis ammon	Camelus dromedarius	NA	Artiodactyla	Artiodactyla	Argali	Dromedary camel
8.68802503481688	0.999974911969028	Ovis aries	Camelus dromedarius	NA	Artiodactyla	Artiodactyla	Sheep	Dromedary camel
4.72169006373343	0.999999980677062	Papio anubis	Camelus dromedarius	NA	Primates	Artiodactyla	Olive baboon	Dromedary camel
4.96617495935029	0.999999961290496	Piliocolobus foai	Camelus dromedarius	NA	Primates	Artiodactyla	Central African red colobus	Dromedary camel
2.07894732172677	1	Pongo pygmaeus	Camelus dromedarius	NA	Primates	Artiodactyla	Bornean orangutan	Dromedary camel
3.28653546020898	0.999999999996539	Rupicapra rupicapra	Camelus dromedarius	NA	Artiodactyla	Artiodactyla	Chamois	Dromedary camel
6.89262173578699	0.999997247147118	Sus scrofa	Camelus dromedarius	NA	Artiodactyla	Artiodactyla	Wild boar	Dromedary camel
9.33028193195471	0.999936260716459	Sus scrofa domesticus	Camelus dromedarius	NA	Artiodactyla	Artiodactyla	Pig	Dromedary camel
2.54921598135725	1	Syncerus caffer	Camelus dromedarius	NA	Artiodactyla	Artiodactyla	African buffalo	Dromedary camel
16.1013350053246	1	Tapirus indicus	Camelus dromedarius	NA	Perissodactyla	Artiodactyla	Malayan tapir	Dromedary camel
0.404647512900185	0.413882281889279	Cephalophus silvicultor	Capreolus capreolus	NA	Artiodactyla	Artiodactyla	Yellow-backed duiker	Roe deer
0.145218491045304	0.0867345680619515	Ceratotherium simum	Capreolus capreolus	.	Perissodactyla	Artiodactyla	White rhino	Roe deer
0.616618828181448	0.999999367618007	Cuniculus paca	Capreolus capreolus	NA	Rodentia	Artiodactyla	Paca	Roe deer
1.24846904403405	1	Diceros bicornis	Capreolus capreolus	NA	Perissodactyla	Artiodactyla	Black rhino	Roe deer
0.00905829339657561	0.999999999873642	Dugong dugon	Capreolus capreolus	NA	Sir.	Artiodactyla	Dugong	Roe deer
0.287181362872782	0.0512768537507234	Equus burchellii	Capreolus capreolus	.	Perissodactyla	Artiodactyla	Plains zebra	Roe deer
0.0635107626414865	0.992259110890809	Equus caballus	Capreolus capreolus	NA	Perissodactyla	Artiodactyla	Horse	Roe deer
0.178727848693032	0.999979221733494	Giraffa camelopardalis	Capreolus capreolus	NA	Artiodactyla	Artiodactyla	Reticulated giraffe	Roe deer
0.101785026831593	0.637233710729685	Gorilla beringei	Capreolus capreolus	NA	Primates	Artiodactyla	Eastern gorilla	Roe deer
0.0186192928569169	0.99776617183938	Hippopotamus amphibius	Capreolus capreolus	NA	Artiodactyla	Artiodactyla	Hippo	Roe deer
1.10415361695029	1	Loxodonta africana	Capreolus capreolus	NA	Prob.	Artiodactyla	African elephant	Roe deer
0.439221158068331	0.99957272116121	Macropus giganteus	Capreolus capreolus	NA	Dipr.	Artiodactyla	Eastern grey kangaroo	Roe deer
0.296872276050358	0.999972921332939	Marmota marmota	Capreolus capreolus	NA	Rodentia	Artiodactyla	Marmot	Roe deer
0.35413924766517	0.060972593772845	Meles meles	Capreolus capreolus	.	Carnivora	Artiodactyla	European badger	Roe deer
0.531579189932396	0.999999999868664	Muntiacus muntjak	Capreolus capreolus	NA	Artiodactyla	Artiodactyla	Muntjak	Roe deer
0.171542180632973	0.958400541989017	Okapia johnstoni	Capreolus capreolus	NA	Artiodactyla	Artiodactyla	Okapi	Roe deer
0.138197793350191	0.88097554974648	Orcinus orca	Capreolus capreolus	NA	Artiodactyla	Artiodactyla	Orca	Roe deer
0.421814016026814	0.667546246314656	Otaria byronia	Capreolus capreolus	NA	Carnivora	Artiodactyla	South American sea lion	Roe deer
0.242689771705378	0.956953988569703	Ovis ammon	Capreolus capreolus	NA	Artiodactyla	Artiodactyla	Argali	Roe deer
0.321330393781665	0.674264363317177	Ovis aries	Capreolus capreolus	NA	Artiodactyla	Artiodactyla	Sheep	Roe deer
0.174633765604292	0.000562274068492408	Papio anubis	Capreolus capreolus	***	Primates	Artiodactyla	Olive baboon	Roe deer
0.183676146061002	0.0026332313481684	Piliocolobus foai	Capreolus capreolus	**	Primates	Artiodactyla	Central African red colobus	Roe deer
0.0768907730887865	0.999715259684838	Pongo pygmaeus	Capreolus capreolus	NA	Primates	Artiodactyla	Bornean orangutan	Roe deer
0.121553946883697	0.439311313874386	Rupicapra rupicapra	Capreolus capreolus	NA	Artiodactyla	Artiodactyla	Chamois	Roe deer
0.254926619993928	0.0887192206974043	Sus scrofa	Capreolus capreolus	.	Artiodactyla	Artiodactyla	Wild boar	Roe deer
0.345084545138186	0.402826136380978	Sus scrofa domesticus	Capreolus capreolus	NA	Artiodactyla	Artiodactyla	Pig	Roe deer
0.0942838644964038	0.973625620012535	Syncerus caffer	Capreolus capreolus	NA	Artiodactyla	Artiodactyla	African buffalo	Roe deer
0.595514895150218	1	Tapirus indicus	Capreolus capreolus	NA	Perissodactyla	Artiodactyla	Malayan tapir	Roe deer
0.358876519478633	0.992566567010141	Ceratotherium simum	Cephalophus silvicultor	NA	Perissodactyla	Artiodactyla	White rhino	Yellow-backed duiker
1.52384188342596	0.999999993452493	Cuniculus paca	Cephalophus silvicultor	NA	Rodentia	Artiodactyla	Paca	Yellow-backed duiker
3.08532489199312	0.993483993646416	Diceros bicornis	Cephalophus silvicultor	NA	Perissodactyla	Artiodactyla	Black rhino	Yellow-backed duiker
0.0223856396191666	0.999999999999578	Dugong dugon	Cephalophus silvicultor	NA	Sir.	Artiodactyla	Dugong	Yellow-backed duiker
0.709707470619304	0.999999991287472	Equus burchellii	Cephalophus silvicultor	NA	Perissodactyla	Artiodactyla	Plains zebra	Yellow-backed duiker
0.156953300383074	0.999995590655118	Equus caballus	Cephalophus silvicultor	NA	Perissodactyla	Artiodactyla	Horse	Yellow-backed duiker
0.441687747966262	0.999999999999785	Giraffa camelopardalis	Cephalophus silvicultor	NA	Artiodactyla	Artiodactyla	Reticulated giraffe	Yellow-backed duiker
0.251539978837582	0.999290017202287	Gorilla beringei	Cephalophus silvicultor	NA	Primates	Artiodactyla	Eastern gorilla	Yellow-backed duiker
0.0460136100268326	0.999982423144223	Hippopotamus amphibius	Cephalophus silvicultor	NA	Artiodactyla	Artiodactyla	Hippo	Yellow-backed duiker
2.72868010243438	0.691904587736901	Loxodonta africana	Cephalophus silvicultor	NA	Prob.	Artiodactyla	African elephant	Yellow-backed duiker
1.08544138803758	1	Macropus giganteus	Cephalophus silvicultor	NA	Dipr.	Artiodactyla	Eastern grey kangaroo	Yellow-backed duiker
0.733656495063119	1	Marmota marmota	Cephalophus silvicultor	NA	Rodentia	Artiodactyla	Marmot	Yellow-backed duiker
0.875179597983902	1	Meles meles	Cephalophus silvicultor	NA	Carnivora	Artiodactyla	European badger	Yellow-backed duiker
1.31368455998276	1	Muntiacus muntjak	Cephalophus silvicultor	NA	Artiodactyla	Artiodactyla	Muntjak	Yellow-backed duiker
0.42392990235748	0.999999959730159	Okapia johnstoni	Cephalophus silvicultor	NA	Artiodactyla	Artiodactyla	Okapi	Yellow-backed duiker
0.341526362931781	0.999995270475137	Orcinus orca	Cephalophus silvicultor	NA	Artiodactyla	Artiodactyla	Orca	Yellow-backed duiker
1.04242335014886	1	Otaria byronia	Cephalophus silvicultor	NA	Carnivora	Artiodactyla	South American sea lion	Yellow-backed duiker
0.599755994954656	0.999999999982506	Ovis ammon	Cephalophus silvicultor	NA	Artiodactyla	Artiodactyla	Argali	Yellow-backed duiker
0.794099515102982	0.999999999999999	Ovis aries	Cephalophus silvicultor	NA	Artiodactyla	Artiodactyla	Sheep	Yellow-backed duiker
0.431570095050527	0.932813191415125	Papio anubis	Cephalophus silvicultor	NA	Primates	Artiodactyla	Olive baboon	Yellow-backed duiker
0.453916409233707	0.981031514422363	Piliocolobus foai	Cephalophus silvicultor	NA	Primates	Artiodactyla	Central African red colobus	Yellow-backed duiker
0.190019141691236	0.999999979307151	Pongo pygmaeus	Cephalophus silvicultor	NA	Primates	Artiodactyla	Bornean orangutan	Yellow-backed duiker
0.300394647214057	0.998907183837913	Rupicapra rupicapra	Cephalophus silvicultor	NA	Artiodactyla	Artiodactyla	Chamois	Yellow-backed duiker
0.62999675487147	0.999999360769935	Sus scrofa	Cephalophus silvicultor	NA	Artiodactyla	Artiodactyla	Wild boar	Yellow-backed duiker
0.85280283243285	1	Sus scrofa domesticus	Cephalophus silvicultor	NA	Artiodactyla	Artiodactyla	Pig	Yellow-backed duiker
0.233002456435858	0.999995591744601	Syncerus caffer	Cephalophus silvicultor	NA	Artiodactyla	Artiodactyla	African buffalo	Yellow-backed duiker
1.47168801528533	1	Tapirus indicus	Cephalophus silvicultor	NA	Perissodactyla	Artiodactyla	Malayan tapir	Yellow-backed duiker
4.24614540299197	0.892156353850949	Cuniculus paca	Ceratotherium simum	NA	Rodentia	Perissodactyla	Paca	White rhino
8.59717681300356	0.506372758721644	Diceros bicornis	Ceratotherium simum	NA	Perissodactyla	Perissodactyla	Black rhino	White rhino
0.0623769971122321	1	Dugong dugon	Ceratotherium simum	NA	Sir.	Perissodactyla	Dugong	White rhino
1.97758123504527	0.999997850244082	Equus burchellii	Ceratotherium simum	NA	Perissodactyla	Perissodactyla	Plains zebra	White rhino
0.43734625104783	0.999999999999998	Equus caballus	Ceratotherium simum	NA	Perissodactyla	Perissodactyla	Horse	White rhino
0.700909547392547	1	Gorilla beringei	Ceratotherium simum	NA	Primates	Perissodactyla	Eastern gorilla	White rhino
7.60339546983608	0.125119059697536	Loxodonta africana	Ceratotherium simum	NA	Prob.	Perissodactyla	African elephant	White rhino
2.0443145629281	0.999999999994254	Marmota marmota	Ceratotherium simum	NA	Rodentia	Perissodactyla	Marmot	White rhino
1.2025587399184	1	Papio anubis	Ceratotherium simum	NA	Primates	Perissodactyla	Olive baboon	White rhino
1.26482615773566	1	Piliocolobus foai	Ceratotherium simum	NA	Primates	Perissodactyla	Central African red colobus	White rhino
0.529483349780841	1	Pongo pygmaeus	Ceratotherium simum	NA	Primates	Perissodactyla	Bornean orangutan	White rhino
4.10082001860518	1	Tapirus indicus	Ceratotherium simum	NA	Perissodactyla	Perissodactyla	Malayan tapir	White rhino
0.0146902640376562	0.99999999999221	Dugong dugon	Cuniculus paca	NA	Sir.	Rodentia	Dugong	Paca
0.481451850774495	0.999999999962884	Marmota marmota	Cuniculus paca	NA	Rodentia	Rodentia	Marmot	Paca
0.493899973834378	0.999999924300179	Cuniculus paca	Diceros bicornis	NA	Rodentia	Perissodactyla	Paca	Black rhino
0.00725552102381848	0.999999999559196	Dugong dugon	Diceros bicornis	NA	Sir.	Perissodactyla	Dugong	Black rhino
0.23002681904298	0.873210667592738	Equus burchellii	Diceros bicornis	NA	Perissodactyla	Perissodactyla	Plains zebra	Black rhino
0.0508709150178611	0.99003620577202	Equus caballus	Diceros bicornis	NA	Perissodactyla	Perissodactyla	Horse	Black rhino
0.0815278739332656	0.779235978313473	Gorilla beringei	Diceros bicornis	NA	Primates	Perissodactyla	Eastern gorilla	Black rhino
0.884406082975479	1	Loxodonta africana	Diceros bicornis	NA	Prob.	Perissodactyla	African elephant	Black rhino
0.237789056500036	0.999957968088053	Marmota marmota	Diceros bicornis	NA	Rodentia	Perissodactyla	Marmot	Black rhino
0.139878330535146	0.338332978583225	Papio anubis	Diceros bicornis	NA	Primates	Perissodactyla	Olive baboon	Black rhino
0.147121105596266	0.430496947005129	Piliocolobus foai	Diceros bicornis	NA	Primates	Perissodactyla	Central African red colobus	Black rhino
0.0615880493442891	0.999451696231857	Pongo pygmaeus	Diceros bicornis	NA	Primates	Perissodactyla	Bornean orangutan	Black rhino
0.476996124169801	1	Tapirus indicus	Diceros bicornis	NA	Perissodactyla	Perissodactyla	Malayan tapir	Black rhino
2.14714082422752	0.998992550776694	Cuniculus paca	Equus burchellii	NA	Rodentia	Perissodactyla	Paca	Plains zebra
0.0315420656339329	0.999999999999965	Dugong dugon	Equus burchellii	NA	Sir.	Perissodactyla	Dugong	Plains zebra
0.221152104043816	0.999999963114204	Equus caballus	Equus burchellii	NA	Perissodactyla	Perissodactyla	Horse	Plains zebra
0.354427689225369	0.999998113931627	Gorilla beringei	Equus burchellii	NA	Primates	Perissodactyla	Eastern gorilla	Plains zebra
3.8447955184314	0.184587068848555	Loxodonta africana	Equus burchellii	NA	Prob.	Perissodactyla	African elephant	Plains zebra
1.03374492369781	1	Marmota marmota	Equus burchellii	NA	Rodentia	Perissodactyla	Marmot	Plains zebra
0.608095747778915	0.999995977773042	Papio anubis	Equus burchellii	NA	Primates	Perissodactyla	Olive baboon	Plains zebra
0.63958240264487	0.999999855827762	Piliocolobus foai	Equus burchellii	NA	Primates	Perissodactyla	Central African red colobus	Plains zebra
0.267742907546713	0.999999999946315	Pongo pygmaeus	Equus burchellii	NA	Primates	Perissodactyla	Bornean orangutan	Plains zebra
2.07365439453682	1	Tapirus indicus	Equus burchellii	NA	Perissodactyla	Perissodactyla	Malayan tapir	Plains zebra
9.7088871639318	0.999802362052707	Cuniculus paca	Equus caballus	NA	Rodentia	Perissodactyla	Paca	Horse
0.142626115949969	1	Dugong dugon	Equus caballus	NA	Sir.	Perissodactyla	Dugong	Horse
1.60264217588067	1	Gorilla beringei	Equus caballus	NA	Primates	Perissodactyla	Eastern gorilla	Horse
17.3852992945961	0.989197537406935	Loxodonta africana	Equus caballus	NA	Prob.	Perissodactyla	African elephant	Horse
4.6743616940357	0.999999997630389	Marmota marmota	Equus caballus	NA	Rodentia	Perissodactyla	Marmot	Horse
2.74967199795863	0.999999999998653	Papio anubis	Equus caballus	NA	Primates	Perissodactyla	Olive baboon	Horse
2.89204755889707	0.999999999995455	Piliocolobus foai	Equus caballus	NA	Primates	Perissodactyla	Central African red colobus	Horse
1.21067311886694	1	Pongo pygmaeus	Equus caballus	NA	Primates	Perissodactyla	Bornean orangutan	Horse
9.37659808168035	1	Tapirus indicus	Equus caballus	NA	Perissodactyla	Perissodactyla	Malayan tapir	Horse
0.81251182793969	1	Ceratotherium simum	Giraffa camelopardalis	NA	Perissodactyla	Artiodactyla	White rhino	Reticulated giraffe
3.45004336308272	0.999999995023987	Cuniculus paca	Giraffa camelopardalis	NA	Rodentia	Artiodactyla	Paca	Reticulated giraffe
6.98530784745424	0.9999529312295	Diceros bicornis	Giraffa camelopardalis	NA	Perissodactyla	Artiodactyla	Black rhino	Reticulated giraffe
0.0506820479450485	1	Dugong dugon	Giraffa camelopardalis	NA	Sir.	Artiodactyla	Dugong	Reticulated giraffe
1.60680814418586	1	Equus burchellii	Giraffa camelopardalis	NA	Perissodactyla	Artiodactyla	Plains zebra	Reticulated giraffe
0.355349001881443	0.999999999999998	Equus caballus	Giraffa camelopardalis	NA	Perissodactyla	Artiodactyla	Horse	Reticulated giraffe
0.5694972975723	1	Gorilla beringei	Giraffa camelopardalis	NA	Primates	Artiodactyla	Eastern gorilla	Reticulated giraffe
0.104176786063686	0.999999999330834	Hippopotamus amphibius	Giraffa camelopardalis	NA	Artiodactyla	Artiodactyla	Hippo	Reticulated giraffe
6.17784875174487	0.999952400629682	Loxodonta africana	Giraffa camelopardalis	NA	Prob.	Artiodactyla	African elephant	Reticulated giraffe
2.45748584386925	0.999999999999321	Macropus giganteus	Giraffa camelopardalis	NA	Dipr.	Artiodactyla	Eastern grey kangaroo	Reticulated giraffe
1.66102976240844	1	Marmota marmota	Giraffa camelopardalis	NA	Rodentia	Artiodactyla	Marmot	Reticulated giraffe
1.98144413562214	0.999999999999998	Meles meles	Giraffa camelopardalis	NA	Carnivora	Artiodactyla	European badger	Reticulated giraffe
2.97423817172103	0.999999999988866	Muntiacus muntjak	Giraffa camelopardalis	NA	Artiodactyla	Artiodactyla	Muntjak	Reticulated giraffe
0.959795476124144	1	Okapia johnstoni	Giraffa camelopardalis	NA	Artiodactyla	Artiodactyla	Okapi	Reticulated giraffe
0.773230329580861	1	Orcinus orca	Giraffa camelopardalis	NA	Artiodactyla	Artiodactyla	Orca	Reticulated giraffe
2.36009116156983	0.999999999999274	Otaria byronia	Giraffa camelopardalis	NA	Carnivora	Artiodactyla	South American sea lion	Reticulated giraffe
1.35787328880236	1	Ovis ammon	Giraffa camelopardalis	NA	Artiodactyla	Artiodactyla	Argali	Reticulated giraffe
1.79787535144316	1	Ovis aries	Giraffa camelopardalis	NA	Artiodactyla	Artiodactyla	Sheep	Reticulated giraffe
0.977093199975953	1	Papio anubis	Giraffa camelopardalis	NA	Primates	Artiodactyla	Olive baboon	Reticulated giraffe
1.02768621344774	1	Piliocolobus foai	Giraffa camelopardalis	NA	Primates	Artiodactyla	Central African red colobus	Reticulated giraffe
0.430211484394062	1	Pongo pygmaeus	Giraffa camelopardalis	NA	Primates	Artiodactyla	Bornean orangutan	Reticulated giraffe
0.680106361557943	1	Rupicapra rupicapra	Giraffa camelopardalis	NA	Artiodactyla	Artiodactyla	Chamois	Reticulated giraffe
1.42633966591165	1	Sus scrofa	Giraffa camelopardalis	NA	Artiodactyla	Artiodactyla	Wild boar	Reticulated giraffe
1.93078217894781	1	Sus scrofa domesticus	Giraffa camelopardalis	NA	Artiodactyla	Artiodactyla	Pig	Reticulated giraffe
0.527527552006391	1	Syncerus caffer	Giraffa camelopardalis	NA	Artiodactyla	Artiodactyla	African buffalo	Reticulated giraffe
3.33196476936857	1	Tapirus indicus	Giraffa camelopardalis	NA	Perissodactyla	Artiodactyla	Malayan tapir	Reticulated giraffe
6.05805045570866	0.981652021254464	Cuniculus paca	Gorilla beringei	NA	Rodentia	Primates	Paca	Eastern gorilla
0.0889943607478035	1	Dugong dugon	Gorilla beringei	NA	Sir.	Primates	Dugong	Eastern gorilla
10.8478982746368	0.623863900437089	Loxodonta africana	Gorilla beringei	NA	Prob.	Primates	African elephant	Eastern gorilla
2.91665960398621	0.999999998279283	Marmota marmota	Gorilla beringei	NA	Rodentia	Primates	Marmot	Eastern gorilla
1.7157117411113	0.999999999999883	Papio anubis	Gorilla beringei	NA	Primates	Primates	Olive baboon	Eastern gorilla
1.80454976314838	0.999999999999077	Piliocolobus foai	Gorilla beringei	NA	Primates	Primates	Central African red colobus	Eastern gorilla
0.755423223653567	1	Pongo pygmaeus	Gorilla beringei	NA	Primates	Primates	Bornean orangutan	Eastern gorilla
7.79935587034696	0.999999999025427	Ceratotherium simum	Hippopotamus amphibius	NA	Perissodactyla	Artiodactyla	White rhino	Hippo
33.1171990751722	0.99981257255564	Cuniculus paca	Hippopotamus amphibius	NA	Rodentia	Artiodactyla	Paca	Hippo
67.0524414449101	0.996549483492551	Diceros bicornis	Hippopotamus amphibius	NA	Perissodactyla	Artiodactyla	Black rhino	Hippo
0.486500398601903	1	Dugong dugon	Hippopotamus amphibius	NA	Sir.	Artiodactyla	Dugong	Hippo
15.4238598146383	0.999998646172285	Equus burchellii	Hippopotamus amphibius	NA	Perissodactyla	Artiodactyla	Plains zebra	Hippo
3.41101905048413	1	Equus caballus	Hippopotamus amphibius	NA	Perissodactyla	Artiodactyla	Horse	Hippo
5.4666429930383	0.999999999997278	Gorilla beringei	Hippopotamus amphibius	NA	Primates	Artiodactyla	Eastern gorilla	Hippo
59.3015870922355	0.996840449738839	Loxodonta africana	Hippopotamus amphibius	NA	Prob.	Artiodactyla	African elephant	Hippo
23.5895724635517	0.99997914322423	Macropus giganteus	Hippopotamus amphibius	NA	Dipr.	Artiodactyla	Eastern grey kangaroo	Hippo
15.9443367872091	0.999999552253451	Marmota marmota	Hippopotamus amphibius	NA	Rodentia	Artiodactyla	Marmot	Hippo
19.0200159794797	0.999992613239509	Meles meles	Hippopotamus amphibius	NA	Carnivora	Artiodactyla	European badger	Hippo
28.5499129326451	0.9999613175197	Muntiacus muntjak	Hippopotamus amphibius	NA	Artiodactyla	Artiodactyla	Muntjak	Hippo
9.21314154899533	0.999999997414689	Okapia johnstoni	Hippopotamus amphibius	NA	Artiodactyla	Artiodactyla	Okapi	Hippo
7.42229011661162	0.999999999809546	Orcinus orca	Hippopotamus amphibius	NA	Artiodactyla	Artiodactyla	Orca	Hippo
22.6546743352885	0.999978403515265	Otaria byronia	Hippopotamus amphibius	NA	Carnivora	Artiodactyla	South American sea lion	Hippo
13.0343173379552	0.999999843158837	Ovis ammon	Hippopotamus amphibius	NA	Artiodactyla	Artiodactyla	Argali	Hippo
17.2579268316463	0.999997189402934	Ovis aries	Hippopotamus amphibius	NA	Artiodactyla	Artiodactyla	Sheep	Hippo
9.37918356761965	0.999999987774919	Papio anubis	Hippopotamus amphibius	NA	Primates	Artiodactyla	Olive baboon	Hippo
9.86482931830404	0.999999979395181	Piliocolobus foai	Hippopotamus amphibius	NA	Primates	Artiodactyla	Central African red colobus	Hippo
4.12962907236418	1	Pongo pygmaeus	Hippopotamus amphibius	NA	Primates	Artiodactyla	Bornean orangutan	Hippo
6.52838686290606	0.999999999946329	Rupicapra rupicapra	Hippopotamus amphibius	NA	Artiodactyla	Artiodactyla	Chamois	Hippo
13.6915307124151	0.999999571274471	Sus scrofa	Hippopotamus amphibius	NA	Artiodactyla	Artiodactyla	Wild boar	Hippo
18.5337084383412	0.999994774405012	Sus scrofa domesticus	Hippopotamus amphibius	NA	Artiodactyla	Artiodactyla	Pig	Hippo
5.06377257294057	0.999999999999778	Syncerus caffer	Hippopotamus amphibius	NA	Artiodactyla	Artiodactyla	African buffalo	Hippo
31.9837546853446	1	Tapirus indicus	Hippopotamus amphibius	NA	Perissodactyla	Artiodactyla	Malayan tapir	Hippo
0.558453840765896	0.999997677784314	Cuniculus paca	Loxodonta africana	NA	Rodentia	Prob.	Paca	African elephant
0.00820383437369421	0.999999999777896	Dugong dugon	Loxodonta africana	NA	Sir.	Prob.	Dugong	African elephant
0.268868635208866	0.999925679968685	Marmota marmota	Loxodonta africana	NA	Rodentia	Prob.	Marmot	African elephant
0.33062726687386	0.999464277123609	Ceratotherium simum	Macropus giganteus	NA	Perissodactyla	Dipr.	White rhino	Eastern grey kangaroo
1.40389144934024	0.999999999999996	Cuniculus paca	Macropus giganteus	NA	Rodentia	Dipr.	Paca	Eastern grey kangaroo
2.84246107251468	0.999948825446517	Diceros bicornis	Macropus giganteus	NA	Perissodactyla	Dipr.	Black rhino	Eastern grey kangaroo
0.0206235360710159	0.999999999999288	Dugong dugon	Macropus giganteus	NA	Sir.	Dipr.	Dugong	Eastern grey kangaroo
0.653842278764049	0.999999999975238	Equus burchellii	Macropus giganteus	NA	Perissodactyla	Dipr.	Plains zebra	Eastern grey kangaroo
0.144598595661473	0.999995226004201	Equus caballus	Macropus giganteus	NA	Perissodactyla	Dipr.	Horse	Eastern grey kangaroo
0.231739807980192	0.999738507116925	Gorilla beringei	Macropus giganteus	NA	Primates	Dipr.	Eastern gorilla	Eastern grey kangaroo
2.51388986315299	0.999278837242527	Loxodonta africana	Macropus giganteus	NA	Prob.	Dipr.	African elephant	Eastern grey kangaroo
0.675906136571346	1	Marmota marmota	Macropus giganteus	NA	Rodentia	Dipr.	Marmot	Eastern grey kangaroo
0.397598709434494	0.999317639492019	Papio anubis	Macropus giganteus	NA	Primates	Dipr.	Olive baboon	Eastern grey kangaroo
0.418186015602707	0.999827224388341	Piliocolobus foai	Macropus giganteus	NA	Primates	Dipr.	Central African red colobus	Eastern grey kangaroo
0.175061632793255	0.999999969433693	Pongo pygmaeus	Macropus giganteus	NA	Primates	Dipr.	Bornean orangutan	Eastern grey kangaroo
1.35584291469304	1	Tapirus indicus	Macropus giganteus	NA	Perissodactyla	Dipr.	Malayan tapir	Eastern grey kangaroo
0.0305124261419381	0.999999999999964	Dugong dugon	Marmota marmota	NA	Sir.	Rodentia	Dugong	Marmot
0.410060426803087	0.998810502758896	Ceratotherium simum	Meles meles	NA	Perissodactyla	Carnivora	White rhino	European badger
1.74117619621885	0.99999081092135	Cuniculus paca	Meles meles	NA	Rodentia	Carnivora	Paca	European badger
3.52536199324184	0.961206161325949	Diceros bicornis	Meles meles	NA	Perissodactyla	Carnivora	Black rhino	European badger
0.0255783380585368	0.999999999999836	Dugong dugon	Meles meles	NA	Sir.	Carnivora	Dugong	European badger
0.81092780528044	0.999999999999885	Equus burchellii	Meles meles	NA	Perissodactyla	Carnivora	Plains zebra	European badger
0.179338390365403	0.999999116814594	Equus caballus	Meles meles	NA	Perissodactyla	Carnivora	Horse	European badger
0.287415268154147	0.999871460037901	Gorilla beringei	Meles meles	NA	Primates	Carnivora	Eastern gorilla	European badger
3.11785159151364	0.292503390340081	Loxodonta africana	Meles meles	NA	Prob.	Carnivora	African elephant	European badger
1.24024987618318	1	Macropus giganteus	Meles meles	NA	Dipr.	Carnivora	Eastern grey kangaroo	European badger
0.838292502194063	1	Marmota marmota	Meles meles	NA	Rodentia	Carnivora	Marmot	European badger
1.19109649328004	0.999999999999999	Otaria byronia	Meles meles	NA	Carnivora	Carnivora	South American sea lion	European badger
0.493121750146723	0.983995363057506	Papio anubis	Meles meles	NA	Primates	Carnivora	Olive baboon	European badger
0.518655154072795	0.997268609922209	Piliocolobus foai	Meles meles	NA	Primates	Carnivora	Central African red colobus	European badger
0.21712016839626	0.999999997324307	Pongo pygmaeus	Meles meles	NA	Primates	Carnivora	Bornean orangutan	European badger
1.68158400707188	1	Tapirus indicus	Meles meles	NA	Perissodactyla	Carnivora	Malayan tapir	European badger
0.273183175330419	0.999923858356223	Ceratotherium simum	Muntiacus muntjak	NA	Perissodactyla	Artiodactyla	White rhino	Muntjak
1.15997548410401	1	Cuniculus paca	Muntiacus muntjak	NA	Rodentia	Artiodactyla	Paca	Muntjak
2.34860406065336	0.99999999785276	Diceros bicornis	Muntiacus muntjak	NA	Perissodactyla	Artiodactyla	Black rhino	Muntjak
0.0170403461386959	0.99999999999768	Dugong dugon	Muntiacus muntjak	NA	Sir.	Artiodactyla	Dugong	Muntjak
0.540241921263518	0.999999999972037	Equus burchellii	Muntiacus muntjak	NA	Perissodactyla	Artiodactyla	Plains zebra	Muntjak
0.119475637580101	0.999991272550667	Equus caballus	Muntiacus muntjak	NA	Perissodactyla	Artiodactyla	Horse	Muntjak
0.191476695776103	0.999855016226296	Gorilla beringei	Muntiacus muntjak	NA	Primates	Artiodactyla	Eastern gorilla	Muntjak
2.07711971774274	0.999999998129144	Loxodonta africana	Muntiacus muntjak	NA	Prob.	Artiodactyla	African elephant	Muntjak
0.826257247060761	1	Macropus giganteus	Muntiacus muntjak	NA	Dipr.	Artiodactyla	Eastern grey kangaroo	Muntjak
0.558472343674915	1	Marmota marmota	Muntiacus muntjak	NA	Rodentia	Artiodactyla	Marmot	Muntjak
0.666202241118972	0.999999999999999	Meles meles	Muntiacus muntjak	NA	Carnivora	Artiodactyla	European badger	Muntjak
0.322702964829734	0.999999961007299	Okapia johnstoni	Muntiacus muntjak	NA	Artiodactyla	Artiodactyla	Okapi	Muntjak
0.259975928267182	0.999998103238966	Orcinus orca	Muntiacus muntjak	NA	Artiodactyla	Artiodactyla	Orca	Muntjak
0.793511153212108	1	Otaria byronia	Muntiacus muntjak	NA	Carnivora	Artiodactyla	South American sea lion	Muntjak
0.456544906764017	0.999999999914775	Ovis ammon	Muntiacus muntjak	NA	Artiodactyla	Artiodactyla	Argali	Muntjak
0.604482643164662	0.999999999999963	Ovis aries	Muntiacus muntjak	NA	Artiodactyla	Artiodactyla	Sheep	Muntjak
0.328518815092257	0.999970663472724	Papio anubis	Muntiacus muntjak	NA	Primates	Artiodactyla	Olive baboon	Muntjak
0.345529226011202	0.999990484149904	Piliocolobus foai	Muntiacus muntjak	NA	Primates	Artiodactyla	Central African red colobus	Muntjak
0.144645942777717	0.999999888373539	Pongo pygmaeus	Muntiacus muntjak	NA	Primates	Artiodactyla	Bornean orangutan	Muntjak
0.228665736330189	0.999912041268961	Rupicapra rupicapra	Muntiacus muntjak	NA	Artiodactyla	Artiodactyla	Chamois	Muntjak
0.47956470987201	0.999999998517807	Sus scrofa	Muntiacus muntjak	NA	Artiodactyla	Artiodactyla	Wild boar	Muntjak
0.649168650078406	0.999999999999998	Sus scrofa domesticus	Muntiacus muntjak	NA	Artiodactyla	Artiodactyla	Pig	Muntjak
0.177365604752877	0.999994468907812	Syncerus caffer	Muntiacus muntjak	NA	Artiodactyla	Artiodactyla	African buffalo	Muntjak
1.12027503414111	1	Tapirus indicus	Muntiacus muntjak	NA	Perissodactyla	Artiodactyla	Malayan tapir	Muntjak
0.846546840604817	1	Ceratotherium simum	Okapia johnstoni	NA	Perissodactyla	Artiodactyla	White rhino	Okapi
3.59456097565152	0.999927752711719	Cuniculus paca	Okapia johnstoni	NA	Rodentia	Artiodactyla	Paca	Okapi
7.27791286916915	0.977949079142737	Diceros bicornis	Okapia johnstoni	NA	Perissodactyla	Artiodactyla	Black rhino	Okapi
0.0528050498317758	1	Dugong dugon	Okapia johnstoni	NA	Sir.	Artiodactyla	Dugong	Okapi
1.67411514656695	0.999999999999942	Equus burchellii	Okapia johnstoni	NA	Perissodactyla	Artiodactyla	Plains zebra	Okapi
0.370234087074902	0.999999999999968	Equus caballus	Okapia johnstoni	NA	Perissodactyla	Artiodactyla	Horse	Okapi
0.593352762894913	1	Gorilla beringei	Okapia johnstoni	NA	Primates	Artiodactyla	Eastern gorilla	Okapi
6.43663041285871	0.949506749460374	Loxodonta africana	Okapia johnstoni	NA	Prob.	Artiodactyla	African elephant	Okapi
2.56042657524611	0.999999978509511	Macropus giganteus	Okapia johnstoni	NA	Dipr.	Artiodactyla	Eastern grey kangaroo	Okapi
1.7306080344492	1	Marmota marmota	Okapia johnstoni	NA	Rodentia	Artiodactyla	Marmot	Okapi
2.06444412889257	0.999999999205425	Meles meles	Okapia johnstoni	NA	Carnivora	Artiodactyla	European badger	Okapi
0.805619893837516	1	Orcinus orca	Okapia johnstoni	NA	Artiodactyla	Artiodactyla	Orca	Okapi
2.4589521624965	0.999999904468353	Otaria byronia	Okapia johnstoni	NA	Carnivora	Artiodactyla	South American sea lion	Okapi
1.41475274949798	1	Ovis ammon	Okapia johnstoni	NA	Artiodactyla	Artiodactyla	Argali	Okapi
1.87318589862849	0.999999999997207	Ovis aries	Okapia johnstoni	NA	Artiodactyla	Artiodactyla	Sheep	Okapi
1.01802230191963	1	Papio anubis	Okapia johnstoni	NA	Primates	Artiodactyla	Olive baboon	Okapi
1.07073458774546	1	Piliocolobus foai	Okapia johnstoni	NA	Primates	Artiodactyla	Central African red colobus	Okapi
0.448232456909826	1	Pongo pygmaeus	Okapia johnstoni	NA	Primates	Artiodactyla	Bornean orangutan	Okapi
0.708595089762619	1	Rupicapra rupicapra	Okapia johnstoni	NA	Artiodactyla	Artiodactyla	Chamois	Okapi
1.48608708979491	1	Sus scrofa	Okapia johnstoni	NA	Artiodactyla	Artiodactyla	Wild boar	Okapi
2.01166001192745	0.999999999869794	Sus scrofa domesticus	Okapia johnstoni	NA	Artiodactyla	Artiodactyla	Pig	Okapi
0.549624961910279	1	Syncerus caffer	Okapia johnstoni	NA	Artiodactyla	Artiodactyla	African buffalo	Okapi
3.4715362306392	1	Tapirus indicus	Okapia johnstoni	NA	Perissodactyla	Artiodactyla	Malayan tapir	Okapi
1.05080180750298	1	Ceratotherium simum	Orcinus orca	NA	Perissodactyla	Artiodactyla	White rhino	Orca
4.46185726438442	0.998962475047472	Cuniculus paca	Orcinus orca	NA	Rodentia	Artiodactyla	Paca	Orca
9.03392893452681	0.933987752518562	Diceros bicornis	Orcinus orca	NA	Perissodactyla	Artiodactyla	Black rhino	Orca
0.0655458613121413	1	Dugong dugon	Orcinus orca	NA	Sir.	Artiodactyla	Dugong	Orca
2.07804593626954	0.9999999995581	Equus burchellii	Orcinus orca	NA	Perissodactyla	Artiodactyla	Plains zebra	Orca
0.45956423110571	1	Equus caballus	Orcinus orca	NA	Perissodactyla	Artiodactyla	Horse	Orca
0.736517019296181	1	Gorilla beringei	Orcinus orca	NA	Primates	Artiodactyla	Eastern gorilla	Orca
7.98966170286369	0.866845497259048	Loxodonta africana	Orcinus orca	NA	Prob.	Artiodactyla	African elephant	Orca
3.17820673847773	0.999997952377318	Macropus giganteus	Orcinus orca	NA	Dipr.	Artiodactyla	Eastern grey kangaroo	Orca
2.1481694378295	0.999999999999735	Marmota marmota	Orcinus orca	NA	Rodentia	Artiodactyla	Marmot	Orca
2.56255356239868	0.999999699476865	Meles meles	Orcinus orca	NA	Carnivora	Artiodactyla	European badger	Orca
3.05224856201533	0.99999162515803	Otaria byronia	Orcinus orca	NA	Carnivora	Artiodactyla	South American sea lion	Orca
1.75610453555076	0.999999999999997	Ovis ammon	Orcinus orca	NA	Artiodactyla	Artiodactyla	Argali	Orca
2.32514851353247	0.999999995693725	Ovis aries	Orcinus orca	NA	Artiodactyla	Artiodactyla	Sheep	Orca
1.26365089753476	1	Papio anubis	Orcinus orca	NA	Primates	Artiodactyla	Olive baboon	Orca
1.32908161272568	1	Piliocolobus foai	Orcinus orca	NA	Primates	Artiodactyla	Central African red colobus	Orca
0.556382060992438	1	Pongo pygmaeus	Orcinus orca	NA	Primates	Artiodactyla	Bornean orangutan	Orca
0.879565034556525	1	Rupicapra rupicapra	Orcinus orca	NA	Artiodactyla	Artiodactyla	Chamois	Orca
1.84465043770957	0.99999999999819	Sus scrofa	Orcinus orca	NA	Artiodactyla	Artiodactyla	Wild boar	Orca
2.49703368463885	0.999999929253871	Sus scrofa domesticus	Orcinus orca	NA	Artiodactyla	Artiodactyla	Pig	Orca
0.682238566989921	1	Syncerus caffer	Orcinus orca	NA	Artiodactyla	Artiodactyla	African buffalo	Orca
4.30914908779471	1	Tapirus indicus	Orcinus orca	NA	Perissodactyla	Artiodactyla	Malayan tapir	Orca
0.344271374415573	0.990340849592161	Ceratotherium simum	Otaria byronia	NA	Perissodactyla	Carnivora	White rhino	South American sea lion
1.46182631385641	0.99999999977612	Cuniculus paca	Otaria byronia	NA	Rodentia	Carnivora	Paca	South American sea lion
2.95976187750643	0.997142644469992	Diceros bicornis	Otaria byronia	NA	Perissodactyla	Carnivora	Black rhino	South American sea lion
0.0214746145277444	0.999999999999302	Dugong dugon	Otaria byronia	NA	Sir.	Carnivora	Dugong	South American sea lion
0.680824609807482	0.999999957598171	Equus burchellii	Otaria byronia	NA	Perissodactyla	Carnivora	Plains zebra	South American sea lion
0.150565794943735	0.9999936726077	Equus caballus	Otaria byronia	NA	Perissodactyla	Carnivora	Horse	South American sea lion
0.24130309322183	0.99898478373484	Gorilla beringei	Otaria byronia	NA	Primates	Carnivora	Eastern gorilla	South American sea lion
2.61763140862561	0.835842239670637	Loxodonta africana	Otaria byronia	NA	Prob.	Carnivora	African elephant	South American sea lion
1.04126733911187	1	Macropus giganteus	Otaria byronia	NA	Dipr.	Carnivora	Eastern grey kangaroo	South American sea lion
0.703798984317028	1	Marmota marmota	Otaria byronia	NA	Rodentia	Carnivora	Marmot	South American sea lion
0.414006550207168	0.92981887512112	Papio anubis	Otaria byronia	NA	Primates	Carnivora	Olive baboon	South American sea lion
0.435443439720425	0.977551074308155	Piliocolobus foai	Otaria byronia	NA	Primates	Carnivora	Central African red colobus	South American sea lion
0.182285960559212	0.999999963691464	Pongo pygmaeus	Otaria byronia	NA	Primates	Carnivora	Bornean orangutan	South American sea lion
1.4117949440361	1	Tapirus indicus	Otaria byronia	NA	Perissodactyla	Carnivora	Malayan tapir	South American sea lion
0.598370874985194	0.999999999999786	Ceratotherium simum	Ovis ammon	NA	Perissodactyla	Artiodactyla	White rhino	Argali
2.54076974010267	0.999995000994707	Cuniculus paca	Ovis ammon	NA	Rodentia	Artiodactyla	Paca	Argali
5.14430021199936	0.988125354714071	Diceros bicornis	Ovis ammon	NA	Perissodactyla	Artiodactyla	Black rhino	Argali
0.0373245783409952	0.999999999999992	Dugong dugon	Ovis ammon	NA	Sir.	Artiodactyla	Dugong	Argali
1.18332701396834	1	Equus burchellii	Ovis ammon	NA	Perissodactyla	Artiodactyla	Plains zebra	Argali
0.261695258910984	0.999999999633304	Equus caballus	Ovis ammon	NA	Perissodactyla	Artiodactyla	Horse	Argali
0.419403859158755	0.999999999689315	Gorilla beringei	Ovis ammon	NA	Primates	Artiodactyla	Eastern gorilla	Argali
4.54965040014428	0.950330887880056	Loxodonta africana	Ovis ammon	NA	Prob.	Artiodactyla	African elephant	Argali
1.80980498264072	0.999999999988839	Macropus giganteus	Ovis ammon	NA	Dipr.	Artiodactyla	Eastern grey kangaroo	Argali
1.22325829376426	1	Marmota marmota	Ovis ammon	NA	Rodentia	Artiodactyla	Marmot	Argali
1.45922609418864	0.999999999999991	Meles meles	Ovis ammon	NA	Carnivora	Artiodactyla	European badger	Argali
1.73807908369081	0.999999999897837	Otaria byronia	Ovis ammon	NA	Carnivora	Artiodactyla	South American sea lion	Argali
1.32403764494763	1	Ovis aries	Ovis ammon	NA	Artiodactyla	Artiodactyla	Sheep	Argali
0.719576125426068	1	Papio anubis	Ovis ammon	NA	Primates	Artiodactyla	Olive baboon	Argali
0.75683513470845	1	Piliocolobus foai	Ovis ammon	NA	Primates	Artiodactyla	Central African red colobus	Argali
0.316827415298453	0.99999999999968	Pongo pygmaeus	Ovis ammon	NA	Primates	Artiodactyla	Bornean orangutan	Argali
0.500861433217967	0.999999999987565	Rupicapra rupicapra	Ovis ammon	NA	Artiodactyla	Artiodactyla	Chamois	Argali
1.05042177180588	1	Sus scrofa	Ovis ammon	NA	Artiodactyla	Artiodactyla	Wild boar	Argali
1.42191631197838	1	Sus scrofa domesticus	Ovis ammon	NA	Artiodactyla	Artiodactyla	Pig	Argali
0.388495418796896	0.999999999992707	Syncerus caffer	Ovis ammon	NA	Artiodactyla	Artiodactyla	African buffalo	Argali
2.45381126268958	1	Tapirus indicus	Ovis ammon	NA	Perissodactyla	Artiodactyla	Malayan tapir	Argali
0.451928898901408	0.99999379220662	Ceratotherium simum	Ovis aries	NA	Perissodactyla	Artiodactyla	White rhino	Sheep
1.91895581654944	0.999997890842152	Cuniculus paca	Ovis aries	NA	Rodentia	Artiodactyla	Paca	Sheep
3.88531265076142	0.98036617240153	Diceros bicornis	Ovis aries	NA	Perissodactyla	Artiodactyla	Black rhino	Sheep
0.0281899676217074	0.99999999999993	Dugong dugon	Ovis aries	NA	Sir.	Artiodactyla	Dugong	Sheep
0.893726110042097	1	Equus burchellii	Ovis aries	NA	Perissodactyla	Artiodactyla	Plains zebra	Sheep
0.197649409674705	0.999999872890016	Equus caballus	Ovis aries	NA	Perissodactyla	Artiodactyla	Horse	Sheep
0.316761279982599	0.999993972630135	Gorilla beringei	Ovis aries	NA	Primates	Artiodactyla	Eastern gorilla	Sheep
3.43619414259498	0.757226548907504	Loxodonta africana	Ovis aries	NA	Prob.	Artiodactyla	African elephant	Sheep
1.36688332808869	1	Macropus giganteus	Ovis aries	NA	Dipr.	Artiodactyla	Eastern grey kangaroo	Sheep
0.92388482943221	1	Marmota marmota	Ovis aries	NA	Rodentia	Artiodactyla	Marmot	Sheep
1.10210317641411	1	Meles meles	Ovis aries	NA	Carnivora	Artiodactyla	European badger	Sheep
1.31271122865964	0.999999999999974	Otaria byronia	Ovis aries	NA	Carnivora	Artiodactyla	South American sea lion	Sheep
0.543471047195589	0.999995154422872	Papio anubis	Ovis aries	NA	Primates	Artiodactyla	Olive baboon	Sheep
0.571611492767177	0.999999565645798	Piliocolobus foai	Ovis aries	NA	Primates	Artiodactyla	Central African red colobus	Sheep
0.239288827253085	0.999999999691653	Pongo pygmaeus	Ovis aries	NA	Primates	Artiodactyla	Bornean orangutan	Sheep
0.378283378217527	0.999996387342206	Rupicapra rupicapra	Ovis aries	NA	Artiodactyla	Artiodactyla	Chamois	Sheep
0.793347361243218	1	Sus scrofa	Ovis aries	NA	Artiodactyla	Artiodactyla	Wild boar	Sheep
1.0739243838	1	Sus scrofa domesticus	Ovis aries	NA	Artiodactyla	Artiodactyla	Pig	Sheep
0.293417200243022	0.999999957858091	Syncerus caffer	Ovis aries	NA	Artiodactyla	Artiodactyla	African buffalo	Sheep
1.85327907560109	1	Tapirus indicus	Ovis aries	NA	Perissodactyla	Artiodactyla	Malayan tapir	Sheep
3.5309255689914	0.706849094043405	Cuniculus paca	Papio anubis	NA	Rodentia	Primates	Paca	Olive baboon
0.0518702289057951	1	Dugong dugon	Papio anubis	NA	Sir.	Primates	Dugong	Olive baboon
6.32268114433395	0.00621885916489651	Loxodonta africana	Papio anubis	**	Prob.	Primates	African elephant	Olive baboon
1.6999706501379	0.999999999999983	Marmota marmota	Papio anubis	NA	Rodentia	Primates	Marmot	Olive baboon
1.0517791071241	1	Piliocolobus foai	Papio anubis	NA	Primates	Primates	Central African red colobus	Olive baboon
0.440297286282055	1	Pongo pygmaeus	Papio anubis	NA	Primates	Primates	Bornean orangutan	Olive baboon
3.35709803044679	0.82215987010123	Cuniculus paca	Piliocolobus foai	NA	Rodentia	Primates	Paca	Central African red colobus
0.0493166564675588	0.999999999999999	Dugong dugon	Piliocolobus foai	NA	Sir.	Primates	Dugong	Central African red colobus
6.0114154212686	0.0173448696708647	Loxodonta africana	Piliocolobus foai	*	Prob.	Primates	African elephant	Central African red colobus
1.61628105999002	0.999999999999999	Marmota marmota	Piliocolobus foai	NA	Rodentia	Primates	Marmot	Central African red colobus
0.418621441802517	0.999999999999999	Pongo pygmaeus	Piliocolobus foai	NA	Primates	Primates	Bornean orangutan	Central African red colobus
8.01941251740871	0.999997332250237	Cuniculus paca	Pongo pygmaeus	NA	Rodentia	Primates	Paca	Bornean orangutan
0.117807287307619	1	Dugong dugon	Pongo pygmaeus	NA	Sir.	Primates	Dugong	Bornean orangutan
14.3600275116927	0.999525101334046	Loxodonta africana	Pongo pygmaeus	NA	Prob.	Primates	African elephant	Bornean orangutan
3.86096099863058	0.999999999993301	Marmota marmota	Pongo pygmaeus	NA	Rodentia	Primates	Marmot	Bornean orangutan
1.1946834699185	1	Ceratotherium simum	Rupicapra rupicapra	NA	Perissodactyla	Artiodactyla	White rhino	Chamois
5.07279972382494	0.968773590666905	Cuniculus paca	Rupicapra rupicapra	NA	Rodentia	Artiodactyla	Paca	Chamois
10.270905026462	0.702464267511533	Diceros bicornis	Rupicapra rupicapra	NA	Perissodactyla	Artiodactyla	Black rhino	Chamois
0.0745207673531377	1	Dugong dugon	Rupicapra rupicapra	NA	Sir.	Artiodactyla	Dugong	Chamois
2.3625836119296	0.999999027896652	Equus burchellii	Rupicapra rupicapra	NA	Perissodactyla	Artiodactyla	Plains zebra	Chamois
0.522490336757669	1	Equus caballus	Rupicapra rupicapra	NA	Perissodactyla	Artiodactyla	Horse	Chamois
0.837365050177935	1	Gorilla beringei	Rupicapra rupicapra	NA	Primates	Artiodactyla	Eastern gorilla	Chamois
9.08365088306638	0.446229461389081	Loxodonta africana	Rupicapra rupicapra	NA	Prob.	Artiodactyla	African elephant	Chamois
3.61338458625766	0.999752243365082	Macropus giganteus	Rupicapra rupicapra	NA	Dipr.	Artiodactyla	Eastern grey kangaroo	Chamois
2.44230881564386	0.999999999884124	Marmota marmota	Rupicapra rupicapra	NA	Rodentia	Artiodactyla	Marmot	Chamois
2.91343273290839	0.999830181417923	Meles meles	Rupicapra rupicapra	NA	Carnivora	Artiodactyla	European badger	Chamois
3.47017951157446	0.998397238409208	Otaria byronia	Rupicapra rupicapra	NA	Carnivora	Artiodactyla	South American sea lion	Chamois
1.43667704818654	1	Papio anubis	Rupicapra rupicapra	NA	Primates	Artiodactyla	Olive baboon	Chamois
1.51106690296733	0.999999999999996	Piliocolobus foai	Rupicapra rupicapra	NA	Primates	Artiodactyla	Central African red colobus	Chamois
0.632565005580247	1	Pongo pygmaeus	Rupicapra rupicapra	NA	Primates	Artiodactyla	Bornean orangutan	Chamois
2.09723029592649	0.999999985661291	Sus scrofa	Rupicapra rupicapra	NA	Artiodactyla	Artiodactyla	Wild boar	Chamois
2.83894150692091	0.999955455980811	Sus scrofa domesticus	Rupicapra rupicapra	NA	Artiodactyla	Artiodactyla	Pig	Chamois
0.775654488509658	1	Syncerus caffer	Rupicapra rupicapra	NA	Artiodactyla	Artiodactyla	African buffalo	Chamois
4.89918188933848	1	Tapirus indicus	Rupicapra rupicapra	NA	Perissodactyla	Artiodactyla	Malayan tapir	Chamois
0.56964820327027	0.999999992619834	Ceratotherium simum	Sus scrofa	NA	Perissodactyla	Artiodactyla	White rhino	Wild boar
2.41880909963869	0.996592092783575	Cuniculus paca	Sus scrofa	NA	Rodentia	Artiodactyla	Paca	Wild boar
4.8973663247243	0.823726275538835	Diceros bicornis	Sus scrofa	NA	Perissodactyla	Artiodactyla	Black rhino	Wild boar
0.0355329443303778	0.999999999999987	Dugong dugon	Sus scrofa	NA	Sir.	Artiodactyla	Dugong	Wild boar
1.12652559736454	1	Equus burchellii	Sus scrofa	NA	Perissodactyla	Artiodactyla	Plains zebra	Wild boar
0.249133506116385	0.999999995563781	Equus caballus	Sus scrofa	NA	Perissodactyla	Artiodactyla	Horse	Wild boar
0.399271864327143	0.999999932079592	Gorilla beringei	Sus scrofa	NA	Primates	Artiodactyla	Eastern gorilla	Wild boar
4.33126056814543	0.202551523093648	Loxodonta africana	Sus scrofa	NA	Prob.	Artiodactyla	African elephant	Wild boar
1.72293171297212	0.99999999569146	Macropus giganteus	Sus scrofa	NA	Dipr.	Artiodactyla	Eastern grey kangaroo	Wild boar
1.16454011769124	1	Marmota marmota	Sus scrofa	NA	Rodentia	Artiodactyla	Marmot	Wild boar
1.38918112072253	0.99999999939814	Meles meles	Sus scrofa	NA	Carnivora	Artiodactyla	European badger	Wild boar
1.65464876142343	0.999998176983631	Otaria byronia	Sus scrofa	NA	Carnivora	Artiodactyla	South American sea lion	Wild boar
0.685035425521478	0.999999999344825	Papio anubis	Sus scrofa	NA	Primates	Artiodactyla	Olive baboon	Wild boar
0.720505948203359	0.999999999993208	Piliocolobus foai	Sus scrofa	NA	Primates	Artiodactyla	Central African red colobus	Wild boar
0.30161923886418	0.999999999995438	Pongo pygmaeus	Sus scrofa	NA	Primates	Artiodactyla	Bornean orangutan	Wild boar
1.35366226228711	0.999999999998278	Sus scrofa domesticus	Sus scrofa	NA	Artiodactyla	Artiodactyla	Pig	Wild boar
0.369847074027222	0.9999999996407	Syncerus caffer	Sus scrofa	NA	Artiodactyla	Artiodactyla	African buffalo	Wild boar
2.33602475553319	1	Tapirus indicus	Sus scrofa	NA	Perissodactyla	Artiodactyla	Malayan tapir	Wild boar
0.420820036977177	0.999829511053238	Ceratotherium simum	Sus scrofa domesticus	NA	Perissodactyla	Artiodactyla	White rhino	Pig
1.78686306549755	0.999998049288327	Cuniculus paca	Sus scrofa domesticus	NA	Rodentia	Artiodactyla	Paca	Pig
3.61786426434748	0.97766945655599	Diceros bicornis	Sus scrofa domesticus	NA	Perissodactyla	Artiodactyla	Black rhino	Pig
0.0262494902312947	0.999999999999853	Dugong dugon	Sus scrofa domesticus	NA	Sir.	Artiodactyla	Dugong	Pig
0.832205808457122	1	Equus burchellii	Sus scrofa domesticus	NA	Perissodactyla	Artiodactyla	Plains zebra	Pig
0.184044065537777	0.999999495005305	Equus caballus	Sus scrofa domesticus	NA	Perissodactyla	Artiodactyla	Horse	Pig
0.294956781651388	0.999956594752405	Gorilla beringei	Sus scrofa domesticus	NA	Primates	Artiodactyla	Eastern gorilla	Pig
3.19966116276852	0.600207772205815	Loxodonta africana	Sus scrofa domesticus	NA	Prob.	Artiodactyla	African elephant	Pig
1.27279289744039	1	Macropus giganteus	Sus scrofa domesticus	NA	Dipr.	Artiodactyla	Eastern grey kangaroo	Pig
0.860288529964383	1	Marmota marmota	Sus scrofa domesticus	NA	Rodentia	Artiodactyla	Marmot	Pig
1.02623908446366	1	Meles meles	Sus scrofa domesticus	NA	Carnivora	Artiodactyla	European badger	Pig
1.22234977477158	1	Otaria byronia	Sus scrofa domesticus	NA	Carnivora	Artiodactyla	South American sea lion	Pig
0.50606081339969	0.999286944708246	Papio anubis	Sus scrofa domesticus	NA	Primates	Artiodactyla	Olive baboon	Pig
0.532264190468022	0.999907269471757	Piliocolobus foai	Sus scrofa domesticus	NA	Primates	Artiodactyla	Central African red colobus	Pig
0.222817202833573	0.99999999833307	Pongo pygmaeus	Sus scrofa domesticus	NA	Primates	Artiodactyla	Bornean orangutan	Pig
0.273219609005232	0.999999747502623	Syncerus caffer	Sus scrofa domesticus	NA	Artiodactyla	Artiodactyla	African buffalo	Pig
1.72570723186618	1	Tapirus indicus	Sus scrofa domesticus	NA	Perissodactyla	Artiodactyla	Malayan tapir	Pig
1.54022633481302	1	Ceratotherium simum	Syncerus caffer	NA	Perissodactyla	Artiodactyla	White rhino	African buffalo
6.5400249711335	0.999611228658878	Cuniculus paca	Syncerus caffer	NA	Rodentia	Artiodactyla	Paca	African buffalo
13.241598132432	0.975399099566681	Diceros bicornis	Syncerus caffer	NA	Perissodactyla	Artiodactyla	Black rhino	African buffalo
0.0960746936388158	1	Dugong dugon	Syncerus caffer	NA	Sir.	Artiodactyla	Dugong	African buffalo
3.04592269744879	0.999999992021475	Equus burchellii	Syncerus caffer	NA	Perissodactyla	Artiodactyla	Plains zebra	African buffalo
0.673612213295616	1	Equus caballus	Syncerus caffer	NA	Perissodactyla	Artiodactyla	Horse	African buffalo
1.07955934321588	1	Gorilla beringei	Syncerus caffer	NA	Primates	Artiodactyla	Eastern gorilla	African buffalo
11.7109499366396	0.965588322499597	Loxodonta africana	Syncerus caffer	NA	Prob.	Artiodactyla	African elephant	African buffalo
4.65849761689694	0.999996433532572	Macropus giganteus	Syncerus caffer	NA	Dipr.	Artiodactyla	Eastern grey kangaroo	African buffalo
3.14870712646363	0.999999999904665	Marmota marmota	Syncerus caffer	NA	Rodentia	Artiodactyla	Marmot	African buffalo
3.75609601448483	0.999999362792197	Meles meles	Syncerus caffer	NA	Carnivora	Artiodactyla	European badger	African buffalo
4.473872791276	0.999992581994749	Otaria byronia	Syncerus caffer	NA	Carnivora	Artiodactyla	South American sea lion	African buffalo
1.85221264038189	0.999999999999999	Papio anubis	Syncerus caffer	NA	Primates	Artiodactyla	Olive baboon	African buffalo
1.94811855710484	0.999999999999992	Piliocolobus foai	Syncerus caffer	NA	Primates	Artiodactyla	Central African red colobus	African buffalo
0.815524199177467	1	Pongo pygmaeus	Syncerus caffer	NA	Primates	Artiodactyla	Bornean orangutan	African buffalo
6.31619098698413	1	Tapirus indicus	Syncerus caffer	NA	Perissodactyla	Artiodactyla	Malayan tapir	African buffalo
1.0354381279177	1	Cuniculus paca	Tapirus indicus	NA	Rodentia	Perissodactyla	Paca	Malayan tapir
0.0152108594937674	1	Dugong dugon	Tapirus indicus	NA	Sir.	Perissodactyla	Dugong	Malayan tapir
0.170919363496218	1	Gorilla beringei	Tapirus indicus	NA	Primates	Perissodactyla	Eastern gorilla	Malayan tapir
1.85411586837265	1	Loxodonta africana	Tapirus indicus	NA	Prob.	Perissodactyla	African elephant	Malayan tapir
0.498513603048455	1	Marmota marmota	Tapirus indicus	NA	Rodentia	Perissodactyla	Marmot	Malayan tapir
0.293248358733733	1	Papio anubis	Tapirus indicus	NA	Primates	Perissodactyla	Olive baboon	Malayan tapir
0.308432496914574	1	Piliocolobus foai	Tapirus indicus	NA	Primates	Perissodactyla	Central African red colobus	Malayan tapir
0.129116456557129	1	Pongo pygmaeus	Tapirus indicus	NA	Primates	Perissodactyla	Bornean orangutan	Malayan tapir
